<!DOCTYPE suite SYSTEM "http://testng.org/testng-1.0.dtd" >

<suite name="WIMI DIGITAL IOTF"  parallel="tests" thread-count="2" verbose="1">

	<!--<test name="WIMI DIGITAL AOL BAU Regression Firefox">-->
		<!--<parameter name="Browser" value="Firefox">-->
			<!--<classes>-->
				<!--<class name="testCases.Driver">-->
				<!--</class>-->
			<!--</classes>-->
		<!--</parameter>-->
	<!--</test>-->

	<test name="WIMI DIGITAL IOTF">
		<parameter name="Browser" value="Mobile">
			<classes>
				<class name="testCases.Driver">
				</class>
			</classes>
		</parameter>
	</test>
</suite>